date,return_xm,ma_gap,rsi_14,vol_ratio,phone_pos,phone_neg,car_pos,car_neg,iot_pos,iot_neg,return_hsi
2023-12-19,,0.0,,1.0,0,0,0,0,0,0,
2023-12-20,-0.005398110661268607,0.0,,0.0032590983161325366,0,0,0,0,0,0,0.007707164536006728
2023-12-21,-0.009497964721845387,0.0,,0.6837911511847348,0,0,0,0,0,0,0.00043808411214962817
2023-12-22,-0.020547945205479423,0.0,,0.7563339568100663,0,0,0,0,0,0,-0.016895343745438662
2023-12-27,0.04895104895104896,0.0,,0.7278802847595526,0,0,0,0,0,0,0.0174084109721242
2023-12-28,-0.010666666666666713,-0.0014043035107586825,,1.2677896184255757,0,0,0,0,0,0,0.025191535935789933
2023-12-29,-0.047169811320754707,-0.003982819211245637,,1.2789848286195917,0,0,0,0,0,0,0.00030248572089464076
2024-01-02,0.004243281471004057,-0.005761316872427958,,1.455604075691412,0,0,0,0,0,0,-0.01519086413604187
2024-01-03,-0.038028169014084456,-0.0075825019186493755,,1.759506933744222,0,0,0,0,0,0,-0.008471208727693136
2024-01-04,0.01024890190336758,-0.019569743233865372,,0.02520595106356818,0,0,0,0,0,0,-1.821659531830999e-05
2024-01-05,-0.008695652173913104,-0.031208011154772668,,0.09785522788203753,0,0,0,0,0,0,-0.0066491784165847445
2024-01-08,-0.042397660818713434,-0.03876404494382032,,1.0568428071345224,0,0,0,0,0,0,-0.018797337196721053
2024-01-09,0.003053435114503955,-0.047994783175741865,,0.652469917669411,0,0,0,0,0,0,-0.0021306818181817677
2024-01-10,-0.016742770167427756,-0.05254392200670256,24.86772486772486,0.9990198000392081,0,0,0,0,0,0,-0.005712680277205506
2024-01-11,0.02941176470588247,-0.05622146118721463,31.730769230769226,1.8020698576972833,0,0,0,0,0,0,0.012715456343599829
2024-01-12,-0.019548872180451204,-0.06126836259405234,30.414746543778804,0.9720534629404617,0,0,0,0,0,0,-0.003534226190476164
2024-01-15,0.0015337423312884457,-0.05828890581365838,31.75355450236968,0.04806138933764136,0,0,0,0,0,0,-0.0017360462945678057
2024-01-16,-0.030627871362940318,-0.06053012048192772,31.01851851851852,0.2917991099809282,0,0,0,0,0,0,-0.021598070198403096
2024-01-17,-0.04739336492890989,-0.06666666666666657,15.165876777251214,0.5526579739217653,0,0,0,0,0,0,-0.037135430602805664
2024-01-18,0.018242122719734466,-0.07660788761249705,20.093457943925245,0.38070009460737936,0,0,0,0,0,0,0.007522975843109236
2024-01-19,-0.006514657980456029,-0.08008274231678497,23.49726775956286,0.47463737018281693,0,0,0,0,0,0,-0.0053981638362425866
2024-01-22,-0.024590163934426146,-0.08765118709870101,20.512820512820554,0.6012157548505288,0,0,0,0,0,0,-0.0227002614689803
2024-01-23,0.01680672268907557,-0.08749717386389326,28.08988764044946,0.4568116930157242,0,0,0,0,0,0,0.026247517126758213
2024-01-24,0.036363636363636376,-0.07412184204536848,33.67875647668393,0.05709442883268656,0,0,0,0,0,0,0.035569687753046475
2024-01-25,0.0031897926634769647,-0.060949464012251105,35.449735449735456,0.927913086067946,0,0,0,0,0,0,0.019624671014990325
2024-01-26,-0.03338632750397452,-0.05183351384805804,37.01657458563537,0.9798403838169488,0,0,0,0,0,0,-0.016029777603202233
2024-01-29,0.0032894736842103978,-0.03998752825629433,37.01657458563535,0.5568971465181608,0,0,0,0,0,0,0.0078318062578413
2024-01-30,-0.02950819672131144,-0.0351663913146096,35.63829787234043,0.6616654973285121,0,0,0,0,0,0,-0.02323739107472933
2024-01-31,-0.0523648648648648,-0.046786877432679355,23.999999999999986,0.440680124816914,0,0,0,0,0,0,-0.013903371567605127
2024-02-01,0.01426024955436711,-0.0567853705486043,28.71794871794873,0.007658922644881287,0,0,0,0,0,0,0.005228527787568993
2024-02-02,-0.01405975395430581,-0.06261644390441486,27.227722772277204,0.6374352897149629,0,0,0,0,0,0,-0.002084429119669662
2024-02-05,-0.0017825311942960553,-0.07167346938775511,30.054644808743134,0.8038264797714741,0,0,0,0,0,0,-0.00152266427204939
2024-02-06,0.06071428571428594,-0.06621810125543601,47.593582887700535,0.20077220077220076,0,0,0,0,0,0,0.0404121373269728
2024-02-07,-0.015151515151515249,-0.05360382648853705,42.16216216216216,0.09494163424124513,0,0,0,0,0,0,-0.003401296626890926
2024-02-08,-0.008547008547008517,-0.04326883149240103,41.935483870967744,1.1641399962567847,0,0,0,0,0,0,-0.012671116642154034
2024-02-09,-0.01724137931034475,-0.03369846977171993,43.0939226519337,0.06510416666666667,0,0,0,0,0,0,-0.008288453458615064
2024-02-14,0.021052631578947434,-0.020524899057873466,43.71584699453554,0.1411355987406362,0,0,0,0,0,0,0.008434755815744932
2024-02-15,0.010309278350515427,-0.018829688423541244,38.32335329341319,0.061155152887882216,0,0,0,0,0,0,0.0041057174502538984
2024-02-16,0.056122448979591955,-0.008178062557963182,47.97979797979797,1.275214467887781,0,0,0,0,0,0,0.024799832639166297
2024-02-19,-0.03703703703703698,-0.0007598142676234986,47.50000000000001,1.870326972436112,0,0,0,0,0,0,-0.011283288484736032
2024-02-20,-0.006688963210702337,0.008707413982585151,46.039603960396065,1.0010168342560162,0,0,0,0,0,0,0.005687257165380988
2024-02-21,0.03703703703703698,0.018396624472573987,55.8252427184466,1.45757299270073,0,0,0,0,0,0,0.015733482642777075
2024-02-22,0.0016233766233766378,0.027145506659922523,65.90909090909089,0.5757432751297782,0,0,0,0,0,0,0.014534296161549332
2024-02-23,-0.00972447325769843,0.025156170859361813,62.06896551724138,0.09700697977049569,0,0,0,0,0,0,-0.0010323468685478066
2024-02-26,-0.014729950900163824,0.02885184871816576,61.714285714285694,0.17388978063135366,0,0,0,0,0,0,-0.005439019526080058
2024-02-27,0.031561461794020085,0.03684922244759957,65.80310880829016,2.073784237003913,0,0,0,0,0,0,0.00938804528136794
2024-02-28,-0.027375201288244777,0.03331642144427534,52.840909090909086,0.2989089822149156,0,0,0,0,0,0,-0.015134002745069708
2024-02-29,0.011589403973510048,0.029632756437315395,57.47126436781612,0.30140982012639767,0,0,0,0,0,0,-0.0015403234679283173
2024-03-01,0.004909983633387682,0.026054799125903704,59.883720930232556,1.7254901960784315,0,0,0,0,0,0,0.004738292011019274
2024-03-04,-0.0016286644951140072,0.025958800870875792,63.190184049079754,0.17123287671232876,0,0,0,0,0,0,0.00038385610879587695
2024-03-05,-0.04567699836867867,0.011866956376399904,50.837988826815625,3.430012610340479,0,0,0,0,0,0,-0.025891209413656413
2024-03-06,0.030769230769230882,0.007910733616454231,53.926701570680635,0.1669955973887961,0,0,0,0,0,0,0.0170505702280912
2024-03-07,-0.021558872305140975,0.00124947938359007,40.93567251461989,0.2331288343558282,0,0,0,0,0,0,-0.00938750668560151
2024-03-08,0.023728813559321882,-0.003659347970725109,51.85185185185185,0.12309586090167718,0,0,0,0,0,0,0.007856717307119343
2024-03-11,0.019867549668874274,-0.005638474295190534,56.47058823529411,0.178752107925801,0,0,0,0,0,0,0.014316326153618775
2024-03-12,0.1120129870129869,0.017823408624229875,65.89861751152073,2.3141486810551557,0,0,0,0,0,0,0.030650712997869256
2024-03-13,0.0,0.035999348428082764,65.74074074074073,0.8186964726375381,0,0,0,0,0,0,-0.00014136273678255762
2024-03-14,-0.010218978102189746,0.05692108667529113,65.43778801843318,0.41946069339420744,0,0,0,0,0,0,-0.007051463311183337
2024-03-15,-0.019174041297935096,0.07283274250725089,64.2533936651584,1.1855519953393534,0,0,0,0,0,0,-0.014185280768888475
2024-03-18,0.03759398496240607,0.08861164427383242,65.19823788546256,0.2974342212779866,0,0,0,0,0,0,0.0009749404203076573
2024-03-19,-0.005797101449275366,0.08097808828199425,69.15887850467291,0.8405063291139241,0,0,0,0,0,0,-0.012409364741531648
2024-03-20,-0.0276967930029155,0.07092591128330832,62.38938053097345,0.407709414381023,0,0,0,0,0,0,0.0008401212696789173
2024-03-21,0.02398800599700146,0.06693935341776128,64.43514644351465,2.5118805159538358,0,0,0,0,0,0,0.019343065693430583
2024-03-22,0.008784773060029227,0.06793839418341019,65.57377049180327,0.3855179349648005,0,0,0,0,0,0,-0.02150017901897605
2024-03-25,-0.004354136429608024,0.059728155339805834,73.05936073059364,0.5824284304047384,0,0,0,0,0,0,-0.001555096141532042
2024-03-26,0.03352769679300294,0.059631258196405135,73.6607142857143,0.6666666666666666,0,0,0,0,0,0,0.008777073331623031
2024-03-27,-0.0338504936530325,0.05857099049371367,70.2127659574468,1.8880534670008353,0,0,0,0,0,0,-0.013568742847801185
2024-03-28,0.01167883211678844,0.055005332927014906,69.43231441048036,2.367200359120156,0,0,0,0,0,0,0.00905977240083966
2024-04-02,0.08802308802308811,0.06347052615709323,74.8201438848921,6.73372269089336,0,0,1,0,0,0,0.023577502828570296
2024-04-03,-0.04244031830238726,0.06557009345794385,57.67634854771785,2.6240665469326023,0,0,0,0,0,0,-0.011713317881975382
2024-04-05,-0.006925207756232621,0.05752572740060717,56.50406504065042,0.5286710375689457,0,0,0,1,0,0,3.607959157903018e-05
2024-04-08,-0.002789400278939924,0.05764006167853735,57.67634854771785,0.31523642732049034,0,0,0,0,0,0,0.0005231352033914227
2024-04-09,0.03356643356643341,0.05955839628123173,64.68253968253968,0.3388792487496172,0,0,0,0,0,0,0.005697389297562472
2024-04-10,0.0027063599458727605,0.04537935994246675,61.1353711790393,0.5695509309967142,0,0,1,0,0,0,0.01848332735747582
2024-04-11,0.005398110661268607,0.04232578024796917,62.882096069869,0.6676342525399129,1,0,1,1,1,0,-0.0025699248384996043
2024-04-12,0.028187919463087185,0.05023025150549071,71.42857142857144,0.4697232717247013,0,0,1,0,0,0,-0.021847701402982422
2024-04-15,-0.0013054830287205776,0.05840084536808753,68.98148148148151,0.314602090448101,1,0,1,0,0,0,-0.007252782939722535
2024-04-16,-0.0326797385620915,0.05407869818334859,60.85106382978726,1.8742857142857143,0,0,1,0,0,0,-0.021172194457064974
2024-04-17,0.020270270270270174,0.051369624311702805,63.967611336032384,0.17871170463472114,1,0,1,0,0,0,0.00018566654288898476
2024-04-18,0.005298013245033095,0.050221975582685915,60.96491228070176,0.08091572922834024,1,0,0,0,0,0,0.008242064228698665
2024-04-19,-0.03425559947299073,0.03768236188895803,60.43478260869566,1.7989320567114713,0,0,0,0,0,0,-0.00986854218065325
2024-04-22,-0.004092769440654842,0.023543990086741053,58.222222222222236,0.9040049729153716,0,0,1,0,0,0,0.017721001152887883
2024-04-23,0.026027397260274032,0.0213815789473685,48.633879781420774,0.9695215700461246,0,0,1,0,0,0,0.01922128227147324
2024-04-24,0.028037383177569986,0.01983234512369661,63.95348837209305,2.575045783899992,0,0,1,0,0,0,0.022121434845741472
2024-04-25,0.0025974025974024872,0.017413103868825778,66.27218934911244,1.1206830830220325,1,0,1,0,1,0,0.0048406615570795175
2024-04-26,0.04015544041450769,0.029825624452972443,72.22222222222221,0.5548037889039242,1,0,0,0,1,0,0.021206779187684432
2024-04-29,0.0037359900373601374,0.04180579671430488,68.9265536723164,0.6354998099581908,1,0,1,0,1,0,0.005435154166951506
2024-04-30,0.0,0.04911513223304842,68.57142857142858,0.38394415357766143,1,0,0,0,0,0,0.0009009621595892359
2024-05-02,0.012406947890818865,0.0569674565977952,69.61325966850829,0.2414403163700697,0,0,1,0,0,0,0.0250004245996025
2024-05-03,0.023284313725490113,0.06565325645393781,69.27374301675977,0.48427299703264093,0,0,0,1,0,0,0.01476363274842174
2024-05-06,-0.004790419161676551,0.0650364203954212,68.13186813186815,0.3605335897127749,0,0,1,0,0,0,0.005535416870774856
2024-05-07,-0.002406738868832914,0.06313750806972239,77.98742138364776,0.07561897792413709,0,0,0,0,0,0,-0.0053263181825563555
2024-05-08,0.06755126658624855,0.07342031210028138,82.49999999999999,0.706136663864537,0,0,0,0,0,0,-0.008864871924640472
2024-05-09,0.002259887005649608,0.08148523634520326,82.3232323232323,0.9342027267338471,0,0,0,1,0,0,0.015269313127985518
2024-05-10,0.013528748590755368,0.08709839357429718,95.10869565217388,0.8814841072905589,0,0,0,0,0,0,0.022956990119570975
2024-05-13,-0.0011123470522802492,0.09484690067214321,96.15384615384615,0.402285170197572,0,0,1,0,0,0,0.008120281672270524
2024-05-14,0.03229398663697092,0.10807147258163902,96.35416666666666,0.7220469681037505,0,0,0,0,0,0,-0.0019035932288716806
2024-05-16,-0.007551240560949357,0.10444850700792191,92.13483146067412,2.910321489001692,1,0,0,0,0,0,0.0159986129281402
2024-05-17,0.004347826086956719,0.10211713613607562,92.2222222222222,0.17847057494634588,0,0,0,0,0,0,0.009975487914611003
2024-05-20,-0.0043290043290044045,0.09653524492234167,88.23529411764699,2.6432932834350993,0,0,0,0,0,0,0.0042242054653538474
2024-05-21,-0.030434782608695587,0.08479791703651125,74.15730337078648,0.7387973554412846,0,0,0,0,0,0,-0.021032183064121357
2024-05-22,0.010089686098654793,0.06783831282952535,75.40106951871654,2.1598101265822787,0,0,1,0,0,0,-0.001078108154560109
2024-05-23,-0.025527192008879096,0.05006105006104989,65.49999999999997,1.3096516053479068,0,0,0,0,0,0,-0.01689294875805547
2024-05-24,-0.038724373576309756,0.02703641521449654,52.09302325581394,2.0768431983385254,0,0,0,0,0,0,-0.01363520651689687
2024-05-27,0.013033175355450455,0.0071445033417837514,55.4054054054054,2.387882387882388,1,0,0,0,0,0,0.012097749818533732
2024-05-28,-0.01520467836257322,-0.006611095142282176,52.78969957081547,0.08186655751125665,1,0,0,0,0,0,0.00033468802295000266
2024-05-29,-0.019002375296912177,-0.024978466838932088,34.71502590673579,0.35286704473850034,0,0,1,0,0,0,-0.017174903610234882
2024-05-30,-0.004842615012106477,-0.03872411221387188,33.333333333333385,0.690803162713275,1,0,0,0,1,0,-0.01334133056672282
2024-05-31,-0.014598540145985495,-0.04619799139167841,27.179487179487197,0.4044572843582336,1,0,0,0,1,0,-0.008050603795284661
2024-06-03,0.023456790123456805,-0.05183994488776636,33.80281690140845,0.30104847918613103,0,0,1,0,0,0,0.01788819875776393
2024-06-04,-0.004825090470446214,-0.055418365588927807,22.87234042553196,0.650887573964497,0,0,1,0,0,0,0.002359450004068009
2024-06-05,-0.0060606060606061,-0.056308894507009905,23.118279569892522,0.16040609137055836,0,0,0,0,0,0,-0.0005194805194804752
2024-06-06,0.018292682926829285,-0.050593523107064664,27.41116751269037,0.029258098223615466,0,0,0,0,0,0,0.004287941787941785
2024-06-07,-0.03832335329341319,-0.04759698899826284,24.000000000000014,3.0825958702064895,0,0,0,0,0,0,-0.004819510932850268
2024-06-11,0.0024906600249068322,-0.0479739170936191,28.140703517587994,0.2600584189201922,0,0,1,0,0,0,-0.009880716351935548
2024-06-12,-0.012422360248447228,-0.049259064019211686,23.50000000000007,0.8226221079691517,0,0,1,0,0,0,-0.010996947116173716
2024-06-13,0.026415094339622636,-0.043980662657705394,34.343434343434396,0.6703196347031963,1,0,0,0,1,0,0.010687732342007372
2024-06-14,-0.011029411764705843,-0.04421627396284631,39.30635838150294,0.020682523267838676,0,0,0,0,0,0,-0.009293924466338255
2024-06-17,-0.0012391573729862992,-0.036758113681190516,34.96932515337426,,0,0,1,0,0,0,-0.00011602081744954695
2024-06-18,0.003722084367245637,-0.029362214199759304,39.21568627450981,0.5610588235294117,0,0,0,0,0,0,-0.0006796293533575248
2024-06-19,0.06180469715698389,-0.011997347320190609,58.8235294117647,2.3607050730868444,0,0,0,0,1,0,0.028762896858308684
2024-06-20,0.0034924330616996624,0.00145032632342304,60.75268817204297,0.1696838040067584,1,0,1,0,1,0,-0.0051596259271202705
2024-06-21,-0.015081206496519561,0.013378533809552643,60.42780748663103,0.2559917087705661,1,0,0,0,1,0,-0.016726094003241543
2024-06-24,-0.010600706713780883,0.021858916136845336,53.107344632768395,1.8918520503886358,0,0,0,0,0,0,-4.9449462649175935e-05
2024-06-25,-0.017857142857142905,0.027600849256899887,50.0,1.855329583153036,0,0,0,0,0,0,0.002653919063710486
2024-06-26,0.00848484848484854,0.021669195751138046,53.15789473684213,1.2176510522742703,0,0,0,0,0,0,0.001002860618814383
2024-06-27,-0.07091346153846156,0.003288271830471227,36.75213675213677,4.131782102859628,1,0,0,0,1,0,-0.019380163253239657
2024-06-28,-0.002587322121604174,-0.01264431006047283,42.156862745098046,0.10444245007852815,0,0,0,0,0,0,0.0001172391846853138
2024-07-02,0.0077821011673151474,-0.026074182886522225,43.26923076923073,0.2367467149977345,0,0,0,0,0,0,0.0032488193723414494
2024-07-03,0.0205920205920207,-0.031775242301558024,49.53271028037382,2.3103692463328276,0,0,0,0,0,0,0.012886425852974615
2024-07-04,-0.003783102143757766,-0.04001967172803835,43.367346938775505,2.1615712432833054,0,0,0,0,0,0,0.007036914963744145
2024-07-05,-0.017721518987341867,-0.03667632373790291,42.28855721393032,0.3190493668563039,0,0,0,0,0,0,-0.012682671379711019
2024-07-08,-0.012886597938144284,-0.0337996780983039,40.47619047619046,0.27695789950203714,0,0,1,0,0,0,-0.010707418948485037
2024-07-09,-0.0013054830287205776,-0.034499875899727035,39.42307692307693,0.19064216307562315,0,0,0,0,0,0,-5.026304325972397e-05
2024-07-10,-0.016993464052287632,-0.041523999252941424,18.71345029239764,0.11134789557805008,0,0,0,0,0,0,-0.00294891342593373
2024-07-11,0.03590425531914909,-0.043310276064061834,28.717948717948744,0.0572289156626506,0,0,0,0,0,0,0.0206530324163543
2024-07-12,0.007702182284980763,-0.03921078921078911,32.978723404255305,0.45304871125241286,0,0,0,0,0,0,0.025898972602739656
2024-07-15,-0.02420382165605084,-0.036744913928012504,31.313131313131308,0.13723056088477598,0,0,0,0,0,0,-0.014973759809979281
2024-07-16,-0.005221932114882533,-0.034837737744021186,33.155080213903744,0.3612588652482269,0,0,0,0,0,0,-0.015983446298227344
2024-07-17,0.03149606299212593,-0.024893135529293484,38.72549019607843,0.7715068493150685,1,0,0,0,1,0,0.0006457488202664674
2024-07-18,-0.0012722646310433516,-0.018820260199570435,54.109589041095866,0.169217369665298,0,0,0,0,0,0,0.0022007479233543403
2024-07-19,-0.017834394904458595,-0.016705837515086062,50.0,0.3212652909922155,0,0,0,0,0,0,-0.02029157792197067
2024-07-22,0.045395590142671916,-0.003821656050955333,57.75401069518718,0.4119161456417801,0,0,1,0,0,0,0.01252148707405043
2024-07-23,-0.016129032258064613,0.007091292404011824,50.0,0.08327736736064473,0,0,0,0,0,0,-0.009437259699405787
2024-07-24,-0.030264817150063017,0.006347374495095108,44.87804878048781,2.911248579724782,0,0,1,0,0,0,-0.009073495312027391
2024-07-25,-0.024707412223667125,0.002642603931679044,43.80952380952382,1.4332003988035893,0,0,0,0,0,0,-0.017668803201410843
2024-07-26,0.014666666666666606,0.000838547377926961,48.81516587677726,0.784688995215311,1,0,0,0,1,0,0.0009493889387557353
2024-07-29,0.03153745072273306,-0.005477862988979884,54.27350427350426,0.9784436630484635,0,0,0,0,0,0,0.012761481021608345
2024-07-30,-0.03566878980891708,-0.013486481254436545,51.00401606425704,0.4677296886864085,0,0,0,0,1,0,-0.013656410169087474
2024-07-31,0.03038309114927329,-0.009816584861792885,50.20408163265306,0.41120815138282385,0,0,0,0,0,0,0.02038843331894702
2024-08-01,-0.01025641025641022,-0.0029742661321609434,47.368421052631575,0.06539000467071462,0,0,0,0,0,0,-0.0022332758095624516
2024-08-02,-0.04533678756476678,-0.006676605950606064,44.48669201520912,3.846305418719212,0,0,1,0,0,0,-0.020771865567877357
2024-08-05,-0.016282225237449155,-0.01962823345898878,43.17343173431734,0.5386138613861386,0,0,0,0,0,0,-0.014580339053490099
2024-08-06,0.0027586206896550447,-0.02501954652071956,38.15261044176706,0.06437336552001609,0,0,0,0,0,0,-0.0030576203279034653
2024-08-07,0.008253094910591452,-0.03607541261660898,39.763779527559066,0.21332260012074863,0,0,0,0,0,0,0.013836744046674676
2024-08-08,-0.00545702592087316,-0.044178283919104576,41.393442622950815,2.042151162790698,0,0,0,0,0,0,0.0008345213672242835
2024-08-09,0.03566529492455417,-0.03757623450718094,39.14893617021275,5.237032905744562,1,0,0,0,1,0,0.011743042768300738
2024-08-12,0.003973509933774766,-0.028410209303851325,42.22222222222222,0.022484541877459248,0,0,0,0,0,0,0.0012533910236598444
2024-08-13,0.02506596306068598,-0.016255899318300952,51.8181818181818,1.069970051728832,0,0,0,0,0,0,0.003841207236560118
2024-08-14,-0.0038610038610037423,-0.004723169771713407,55.882352941176485,0.2958163121566418,0,0,0,0,0,0,-0.0035190215070295405
2024-08-15,0.023255813953488413,0.011343518457806165,57.345971563981045,0.32736429770565195,0,0,0,0,0,0,0.0007371470694117477
2024-08-16,0.005050505050504972,0.02042419481539666,52.87958115183247,0.529893189069219,0,0,1,0,0,0,0.01877483897492116
2024-08-19,0.015075376884422065,0.03338133263516165,64.57142857142858,0.384454659423318,0,0,0,0,0,0,0.007986951842884116
2024-08-20,0.0012376237623761277,0.04066954361187381,59.47712418300655,0.005594405594405594,0,0,0,0,0,0,-0.0033195989790981706
2024-08-21,-0.011124845488257096,0.04535073409461666,59.09090909090911,0.5922330097087378,0,0,0,0,0,0,-0.0068621543817366515
2024-08-22,0.09250000000000003,0.05819146870347602,85.49222797927463,7.812567949554251,0,0,0,1,0,0,0.014375273854865256
2024-08-23,-0.014874141876430325,0.06810727377966401,85.05154639175257,0.5729166666666666,0,0,1,0,0,0,-0.001545081490588296
2024-08-26,-0.010452961672473893,0.07479508196721307,81.09452736318408,0.31640668215510565,0,0,1,0,1,0,0.010682551832007725
2024-08-27,0.01291079812206597,0.08128736801933599,81.55339805825244,0.21158129175946547,0,0,0,0,0,0,0.004264076391175431
2024-08-28,0.0011587485515642815,0.09173731494369222,83.25123152709361,0.13219807304503697,1,0,1,0,0,0,-0.010131313628092276
2024-08-29,-0.0057870370370370905,0.08198577990310205,78.57142857142856,0.256978289765175,0,0,0,0,0,0,0.0055149798777760495
2024-08-30,0.033760186263096736,0.07853403141361266,81.24999999999999,0.8559201141226819,0,0,0,0,0,0,0.011397700695062074
2024-09-02,-0.022522522522522626,0.07295978254154574,71.77033492822963,0.18199233716475097,1,0,0,0,1,0,-0.014982249291600191
2024-09-03,0.003456221198156806,0.06545833078194839,73.20574162679422,0.11924636298592893,0,0,1,0,1,0,-0.0015375458783850604
2024-09-04,-0.02296211251435143,0.054653778345188204,63.981042654028386,2.702646600934094,1,0,0,0,0,0,-0.010232974020167873
2024-09-05,-0.009400705052878933,0.04353076133550686,60.930232558139494,0.3465829091302935,0,0,0,0,0,0,-0.000284399832706006
2024-09-09,0.0011862396204032066,0.027384098006245253,58.82352941176467,0.4153907602183464,0,0,0,0,0,0,-0.013286923926503547
2024-09-10,0.009478672985782088,0.017795294398662478,60.189573459715604,0.031936127744510975,1,0,0,0,1,0,0.0022725730954480383
2024-09-11,0.01525821596244148,0.011049067363668763,65.1162790697674,0.10892333472978634,1,0,0,0,1,0,-0.006683813327016175
2024-09-12,0.003468208092485492,0.009451795841209839,47.91666666666666,0.13233844854286922,0,0,0,0,0,0,0.009045534299780167
2024-09-13,0.00691244239631339,0.011875367430922878,54.744525547445264,0.2096317280453258,0,0,0,0,1,0,0.007715163588479568
2024-09-16,0.0,0.01427902621722845,58.59374999999998,0.1502673024129461,0,0,0,0,0,0,0.0031663064783635786
2024-09-17,0.017162471395881118,0.01811404275147067,59.848484848484794,0.06758742286218043,1,0,0,1,1,0,0.013660654642618564
2024-09-19,0.01237345331833506,0.02085747392815756,62.6760563380281,1.6108108108108108,1,0,1,0,1,0,0.01998418399288271
2024-09-20,0.0,0.022350230414746437,64.96350364963499,0.6954660960278186,0,0,1,0,1,0,0.013648624638594065
2024-09-23,0.03222222222222215,0.031754234855009895,64.96350364963494,1.145631067961165,0,0,0,0,0,0,-0.0004939766715532645
2024-09-24,0.032292787944026013,0.045394849540341564,80.9523809523809,4.61292897047087,0,0,0,0,0,0,0.041402949382223886
2024-09-25,-0.03649635036496346,0.049075916974694316,64.804469273743,3.5284167794316645,0,0,0,0,0,0,0.006766479899574351
2024-09-26,0.04220779220779236,0.05739327113372918,78.2828282828283,5.030880082346886,0,0,0,0,0,0,0.041572897025728306
2024-09-27,0.024922118380062086,0.06963162623539994,83.64485981308412,2.3682706595039433,0,0,0,0,0,0,0.03551928523460535
2024-09-30,0.023302938196555267,0.07867921376468624,85.16949152542374,3.697478991596639,1,0,0,0,1,0,0.02430531079499798
2024-10-02,0.07425742574257432,0.09473452302269217,88.44884488448847,1.2533211177278973,1,0,1,0,0,0,0.06199160415663063
2024-10-03,0.00691244239631339,0.11803269769592771,88.23529411764707,0.9138932910723719,1,0,0,0,1,0,-0.014709884783369431
2024-10-04,0.025171624713958618,0.13679916261842778,89.1304347826087,0.9805735430157262,1,0,0,0,1,0,0.0281884667999579
2024-10-07,0.0535714285714286,0.15779201941081827,90.69148936170214,6.501370386895277,1,0,1,0,1,0,0.015953023654483367
2024-10-08,-0.09745762711864414,0.15586142175647158,69.4501018329939,3.935240262763151,0,0,1,0,0,0,-0.09406401893872618
2024-10-09,-0.009389671361502261,0.13709615037516437,67.07818930041154,2.0381211071043883,1,0,1,0,1,0,-0.01384410096741906
2024-10-10,0.023696682464454888,0.1213333673131324,68.00000000000001,0.2059082687937671,0,0,1,0,0,0,0.029796470654563922
2024-10-14,-0.00462962962962965,0.10038074585844307,67.32673267326733,2.0056013041842577,0,0,0,0,0,0,-0.007486792039637535
2024-10-15,-0.020930232558139528,0.06475467172978912,62.38716148445337,0.3861003861003861,1,0,0,0,0,0,-0.03669585602978698
2024-10-16,-0.01187648456057011,0.05104063429137766,58.41995841995843,0.17317431792190818,1,0,0,0,1,0,-0.0015747129727717857
2024-10-17,0.02163461538461542,0.04278665586567499,64.7812166488794,0.27609590699927344,1,0,1,0,1,0,-0.010237439779765989
2024-10-18,0.05647058823529405,0.039219493253082396,66.29213483146066,1.4661724512336665,0,0,1,0,0,0,0.036100246269737735
2024-10-21,-0.00445434298440972,0.0365282547611616,63.868225292242315,0.6870793580356482,0,0,0,0,0,0,-0.01565951735130444
2024-10-22,-0.0022371364653244186,0.03781882145998244,61.66666666666667,0.04396259453820647,0,0,0,0,0,0,0.0010795147865116927
2024-10-23,0.053811659192825045,0.05119710533117178,60.344827586206904,0.9699223919030078,1,0,0,0,1,0,0.012741564743607992
2024-10-24,-0.014893617021276673,0.05917407700544722,57.30337078651684,0.4528549551520455,0,0,0,0,0,0,-0.013029589778076667
2024-10-25,0.030237580993520696,0.05897229566616864,58.011049723756926,0.34493034344036355,1,0,1,0,0,0,0.004911563467052682
2024-10-28,-0.014675052410901501,0.059222659896628026,49.39024390243902,0.21304503358639057,0,0,0,0,0,0,0.0004802802576562293
2024-10-29,0.014893617021276562,0.06338822467854731,70.39999999999999,0.18482010842779695,0,0,1,0,1,0,0.004941688080648321
2024-10-30,0.002096436058700135,0.05816554809843388,72.95081967213112,0.26530342426512715,1,0,1,0,1,0,-0.015482746993368601
2024-10-31,0.029288702928870425,0.06423649699933319,73.8095238095238,3.1131062001227745,1,0,0,0,1,0,-0.003011102548734157
2024-11-01,0.016260162601625883,0.06699039841077137,76.5151515151515,0.43278437380314055,0,0,0,0,0,0,0.009361178306113382
2024-11-04,-0.0040000000000000036,0.07342772472835032,80.79999999999995,0.2039550213260954,1,0,0,0,1,0,0.002978005303685638
2024-11-05,0.03614457831325302,0.08530857454942657,86.23188405797099,0.054947703282402276,0,0,0,0,0,0,0.021491085441203595
2024-11-06,-0.013565891472868241,0.08898029876596648,80.88235294117644,0.2171755502364411,0,0,0,0,0,0,-0.02229850374410014
2024-11-07,0.00982318271119853,0.087674169346195,77.77777777777773,0.47146401985111663,0,0,0,0,0,0,0.020994960077014513
2024-11-08,0.023346303501945664,0.08786078098472003,81.10236220472434,0.24995092586534057,0,0,1,0,0,0,-0.010732261955933908
2024-11-11,0.03041825095057038,0.09354026845637586,83.80281690140839,1.0835413302011452,1,0,0,0,1,0,-0.014254677973228658
2024-11-12,-0.023985239852398643,0.08668602239734549,72.51908396946558,2.3035522066738428,0,0,0,0,0,0,-0.028395518143555898
2024-11-13,0.015122873345935872,0.0846902201740911,78.03030303030299,0.5146618791143028,0,0,0,0,0,0,-0.0011854063309478802
2024-11-14,-0.03165735567970207,0.07667342799188658,65.9259259259259,0.05428513265929294,0,0,0,0,1,0,-0.019413919413919456
2024-11-15,0.0,0.06655925888631573,69.53124999999996,0.21367190524115506,0,0,0,0,1,0,-0.0004930892790436792
2024-11-18,0.0326923076923078,0.05498453248178815,71.73913043478257,0.5500121684108056,0,0,0,0,0,0,0.008027865813550195
2024-11-19,-0.020484171322160183,0.04544104544104533,66.2162162162162,0.6772720113403685,1,0,1,0,0,0,0.00444912426404076
2024-11-20,-0.011406844106463865,0.03359274948280954,59.99999999999997,0.6003591892585307,0,0,1,0,0,0,0.0020965908252004173
2024-11-21,0.0038461538461538325,0.028403525954946187,58.20895522388059,1.010204956693251,0,0,0,0,0,0,-0.0052599784886033785
2024-11-22,0.01724137931034475,0.027279812938425532,61.702127659574465,1.041225768221451,0,0,0,0,0,0,-0.01894421897680476
2024-11-25,-0.007532956685499026,0.017730840034880464,54.33070866141731,0.4983108108108108,0,0,0,0,0,0,-0.004106590171359503
2024-11-26,-0.03984819734345357,0.007149758454106368,48.936170212765965,1.547382635634284,0,0,0,1,0,0,0.0004244803905220085
2024-11-27,0.03952569169960474,0.00480861704173907,53.846153846153854,0.23642943305186973,1,0,0,0,0,1,0.023230440514615536
2024-11-28,-0.013307984790874583,0.0010551558752996185,47.682119205298015,0.19853462538406996,0,0,0,0,0,0,-0.011995734849831186
2024-11-29,-0.0077071290944122905,-0.006513409961685888,40.28776978417267,0.07317688619732526,0,0,0,0,0,0,0.002922924723446352
2024-12-02,0.03300970873786424,-0.007828909681115211,51.04895104895107,0.37895275892971453,0,0,0,0,0,0,0.00662093290887622
2024-12-03,0.022556390977443552,0.00399923824033519,52.380952380952365,0.12049737213177798,1,0,0,0,0,0,0.010036821475234659
2024-12-04,-0.00367647058823517,0.006929283341243512,58.33333333333334,0.26435143190358945,0,0,0,0,0,0,-0.00020579761274763797
2024-12-05,0.014760147601476037,0.015230347176236867,60.714285714285715,0.24704618689581095,0,0,0,0,0,0,-0.009218690269650387
2024-12-06,0.001818181818181941,0.02642506606266513,55.64516129032258,0.9502559390996194,0,0,0,0,0,0,0.015611319690741476
2024-12-09,0.05989110707803991,0.04192517390486941,69.86301369863014,0.7119831814996496,0,0,1,0,0,0,0.027601221525738184
2024-12-10,-0.011986301369862895,0.04959760434213,69.38775510204084,2.935808684707363,1,0,1,0,1,0,-0.005005118871573178
2024-12-11,-0.015597920277296451,0.05626574601101055,64.93506493506493,0.8471041232151452,0,0,0,0,0,0,-0.0076883502915284785
2024-12-12,0.0369718309859155,0.06397181531615061,67.46987951807229,0.5526770293609672,0,0,0,0,0,0,0.012010714594314242
2024-12-13,-0.005093378607809784,0.07040176925912262,67.87878787878788,2.6240936977133296,0,0,0,0,0,0,-0.02087602459016391
2024-12-16,-0.029010238907849928,0.06174200661521511,69.56521739130434,1.963837930579385,0,0,1,0,0,0,-0.008807499454981493
2024-12-17,-0.012302284710017486,0.052747252747252664,62.162162162162176,2.6749893945821466,0,0,0,0,0,1,-0.004794791712488422
2024-12-18,0.026690391459074814,0.05056026236676685,68.58974358974362,1.0506746626686656,0,0,1,0,0,0,0.008324493163602176
2024-12-19,0.005199306759098743,0.04177616674218409,70.96774193548389,2.9262380873684792,0,0,0,0,0,0,-0.005640223855516768
2024-12-20,0.02586206896551735,0.0390125236507796,70.58823529411767,0.16642250219748023,1,0,0,0,1,0,-0.0016164347327739526
2024-12-23,0.001680672268907557,0.0422636103151861,68.3098591549296,1.4877240294398562,0,0,0,0,0,0,0.008242445651373886
2024-12-24,0.038590604026845554,0.05203439411399703,73.61963190184049,0.19243986254295534,0,0,0,0,0,0,0.010817360330506176
2024-12-27,0.04038772213247177,0.06465479428019981,76.11111111111111,0.7898758941126123,0,0,0,0,0,0,-0.0003899367435948875
2024-12-30,0.009316770186335255,0.07684301821335646,76.75675675675677,1.6378381443883627,0,0,0,0,0,0,-0.0024416672686556895
2024-12-31,0.0030769230769231992,0.08374046455815556,72.0779220779221,0.15133547913490317,0,0,0,0,0,0,0.0009269182863598235
2025-01-02,-0.016871165644171904,0.08899456521739123,70.25316455696199,1.2853995378580256,1,0,0,0,1,0,-0.01904210678628271
2025-01-03,0.0608424336973481,0.09704499664204165,79.78723404255318,1.1369772298914982,1,0,0,0,1,0,0.006977018615216712
2025-01-06,0.010294117647058787,0.09811727627104584,78.16091954022988,1.2217872504953844,0,0,0,0,0,0,-0.003647443127719141
2025-01-07,-0.06259097525473067,0.08764710723397257,63.55140186915888,7.105354167321659,1,0,0,0,0,0,-0.012217354229762667
2025-01-08,-0.03881987577639767,0.07079139045748394,61.26126126126125,0.7898396217669417,1,0,1,0,1,0,-0.00863262238230611
2025-01-09,0.03392568659127626,0.06558044806517321,66.52542372881354,0.23333023053771448,1,0,1,0,0,0,-0.002011800561502519
2025-01-10,-0.009375000000000022,0.04573467401881284,62.55506607929513,0.147765536630815,1,0,0,0,1,0,-0.009176658192047937
2025-01-13,-0.023659305993690816,0.019462165872567317,58.158995815899566,0.48050387974416414,0,0,0,0,0,0,-0.009079452803546717
2025-01-14,0.02746365105008075,0.01303298471440068,58.506224066390025,0.08502567121226985,0,0,0,0,0,0,0.018309967057381416
2025-01-15,-0.0062893081761006275,0.013465854440525749,57.377049180327866,0.030618280505201628,1,0,0,0,0,0,0.0034456816130004064
2025-01-16,0.023734177215189778,0.009399394615262123,55.932203389830505,0.15871282443303847,1,0,1,0,1,0,0.012280885903222405
2025-01-17,0.020092735703245657,0.009800822004426248,53.57142857142856,0.7556368068251066,1,0,0,0,1,0,0.003140368548912642
2025-01-20,-0.010606060606060619,0.01445631678189809,50.66666666666666,0.3453883683110044,0,0,1,0,0,0,0.017439456585942148
2025-01-21,0.029096477794793296,0.018408736349454086,54.132231404958674,2.420333839150228,1,0,0,0,1,0,0.009070985907316365
2025-01-22,-0.017857142857142905,0.021963523476911235,53.90946502057614,2.229903754913922,1,0,0,0,1,0,-0.01629606190489885
2025-01-23,-0.022727272727272707,0.017473326117210607,42.009132420091326,4.176070967379709,1,0,0,0,1,0,-0.00396239381223229
2025-01-24,0.0759689922480622,0.022061649627180997,51.340996168582386,2.4441914567143495,1,0,0,0,1,0,0.018569625084407404
2025-01-27,-0.007204610951008661,0.029569480618967466,60.089686098654695,0.1844006977323698,1,0,0,0,1,0,0.006557424301382175
2025-01-28,0.03483309143686486,0.03712739193413131,71.17117117117115,0.8333333333333334,0,0,0,0,0,0,0.0013458950201883368
2025-02-03,0.0014025245441795509,0.04863798467258515,68.31683168316832,1.9998210450966356,0,0,0,0,1,0,-0.00038606726149625903
2025-02-04,0.040616246498599295,0.07010014306151646,74.22222222222221,1.0703097807170205,0,0,1,0,0,0,0.028322533579367537
2025-02-05,-0.004037685060565233,0.07907952927066922,78.40375586854461,0.5211500043429167,0,0,1,0,0,0,-0.009264282435421323
2025-02-06,0.024324324324324298,0.09394572025052188,78.50467289719626,0.20594864542360897,0,0,0,0,0,0,0.014293135644384503
2025-02-07,0.0474934036939314,0.10573661701813873,82.92682926829268,1.0418760469011725,0,0,0,0,0,0,0.011572375797677115
2025-02-10,0.03400503778337516,0.12060447544318506,83.72093023255812,0.48364314368043393,0,0,0,0,0,0,0.018391559587832118
2025-02-11,-0.02679658952496944,0.12389571213100625,76.0299625468165,0.7634845655278479,0,0,0,0,0,0,-0.010561535050590543
2025-02-12,0.03379224030037542,0.13297910024796322,80.13937282229968,0.438942645548408,1,0,0,1,0,0,0.02644123039315538
2025-02-13,-0.05932203389830504,0.12576192811602316,66.56151419558361,1.343967069719578,1,0,0,0,1,0,-0.0019845995078193734
2025-02-14,0.06949806949806936,0.12081835775504554,73.81615598885796,0.6144915932746197,0,0,0,0,0,0,0.03694718421889909
2025-02-17,0.02166064981949467,0.11188287368062654,78.17679558011054,0.9622812455295408,1,0,0,0,1,0,-0.00019176926322250765
2025-02-18,0.06478209658421674,0.12086735376790256,78.53260869565221,0.62232955600966,1,0,0,0,1,0,0.015945475934734832
2025-02-19,0.025442477876106206,0.12775330396475776,80.82901554404148,0.8450191221999636,0,0,0,0,0,0,-0.0014096738870499337
2025-02-20,-0.009708737864077777,0.1448881995605533,77.62803234501351,1.1038199122158967,1,0,0,0,1,0,-0.01600725998563124
2025-02-21,0.045751633986928164,0.1567060017764244,79.85436893203885,0.6644998194293968,1,0,0,0,1,0,0.039900600750617965
2025-02-24,0.006249999999999867,0.16380383370674628,78.66323907455015,0.9281562427342478,0,0,0,0,0,0,-0.005777000394166287
2025-02-25,0.02898550724637694,0.16099165499177667,80.67632850241549,0.7687733145915554,1,0,0,0,1,0,-0.01316979495756676
2025-02-26,0.05633802816901401,0.16568294282477788,82.30088495575224,1.017350624740925,1,0,0,0,1,0,0.032729874956058946
2025-02-27,-0.056190476190476235,0.16216691068814054,70.73684210526315,2.710144927536232,0,0,1,0,0,0,-0.0029297706026087944
2025-02-28,-0.022199798183652808,0.14707749120073862,65.74468085106385,2.419370183617163,0,0,0,0,0,0,-0.032761101221683075
2025-03-03,-0.012383900928792602,0.1291680892227153,67.17391304347827,2.0606349964191932,0,0,1,0,0,0,0.0028362178719543163
2025-03-04,-0.009404388714733591,0.10579897632037799,63.800904977375566,1.1857330311344387,0,0,1,0,1,0,-0.0026396500578208526
2025-03-05,0.07067510548523215,0.08120084191868836,75.8695652173913,0.9720761771234957,0,0,1,0,1,0,0.02853325939555873
2025-03-06,0.00886699507389177,0.07270742358078615,73.25301204819277,1.054492559024281,0,0,0,0,0,0,0.035510354123269305
2025-03-07,-0.0234375,0.06747274101263089,67.9334916864608,1.3143941873404463,0,0,0,0,1,0,-0.005526104037487545
2025-03-10,-0.009000000000000008,0.06504065040650436,61.59999999999998,1.0786932834094112,0,0,0,1,0,0,-0.018479075689246893
2025-03-11,0.0131180625630678,0.06534045817681601,60.54794520547944,0.8490507314036726,0,0,0,0,1,0,-4.8491901852409924e-05
2025-03-12,-0.033864541832669404,0.0478340771856131,56.666666666666664,0.24267695194412592,0,0,0,0,0,0,-0.007140778817710136
2025-03-13,0.016494845360824684,0.028565492884595558,53.57142857142856,0.3475246452172029,1,0,0,0,1,0,-0.005739056108431506
2025-03-14,0.015212981744421983,0.019769357495881254,54.69168900804289,0.455899945622621,1,0,0,0,1,0,0.02123426466073064
2025-03-17,0.03596403596403608,0.019375892310830308,55.64304461942256,0.8545482262244387,0,0,0,0,0,0,0.0077446665223561695
2025-03-18,0.03375120540019294,0.024469160768453,53.05555555555556,1.1914857709427673,1,0,1,0,1,0,0.024642592901978677
2025-03-19,0.011194029850746245,0.03927371219340916,64.85623003194888,1.0355165091393597,0,1,0,0,0,0,0.0012345247661973424
2025-03-20,-0.024907749077490826,0.046224347479577606,63.83647798742135,0.684413875090222,1,0,0,0,0,0,-0.022252207190964213
2025-03-21,-0.04068117313150421,0.0460009935419771,58.16618911174784,0.7970038714021208,0,0,0,0,0,0,-0.021890168459122505
2025-03-24,0.04832347140039439,0.046126464626489415,64.78149100257068,0.4314938971978683,1,0,0,0,1,0,0.009110148876131152
2025-03-25,-0.057384760112887956,0.03187546330615279,48.3028720626632,0.8147990644269615,1,0,1,0,1,0,-0.02347978063038636
2025-03-26,0.0059880239520957446,0.018966968751547488,47.89473684210525,0.18714473108876256,0,0,0,0,0,0,0.005961711739511433
2025-03-27,-0.03968253968253965,0.002478929102627665,45.95959595959596,0.4931612406087459,0,0,0,0,0,0,0.004061349693251559
2025-03-28,-0.014462809917355268,-0.008682709005209625,45.38653366583543,0.7460241982353252,1,0,1,0,1,0,-0.006452322469479799
2025-03-31,-0.0366876310272537,-0.03544266043644676,39.95271867612293,0.7064373238221251,1,0,1,0,0,0,-0.013111447302067591
2025-04-01,-0.06420021762785644,-0.05956363273253799,37.723214285714285,1.1832939873509953,0,0,0,0,0,0,0.003776312673704041
2025-04-02,-0.03023255813953485,-0.08605401047964521,33.40611353711792,1.2735670917700375,0,0,0,0,0,0,-0.00018624286069035545
2025-04-03,0.033573141486810565,-0.10007111652951317,35.24416135881104,3.5059023223516705,0,0,0,1,0,0,-0.015125737348649526
2025-04-07,-0.17981438515081205,-0.13742071881606768,22.033898305084747,3.181658344468669,1,0,0,0,1,0,-0.13180425435333576
2025-04-08,0.043847241867043696,-0.1638453500522465,21.501706484641616,1.1500035261759798,0,0,0,1,0,0,0.015089900368896458
2025-04-09,0.08536585365853644,-0.167344352326134,27.78649921507062,3.366674197457331,0,0,0,0,0,0,0.006796102613995769
2025-04-10,0.01622971285892638,-0.16468771630903561,30.4975922953451,2.07136867604584,0,0,0,0,0,0,0.02059174624829474
2025-04-11,0.03071253071253066,-0.1630353117956425,35.537190082644614,0.9985442389604788,1,0,0,0,0,0,0.011264742331202893
2025-04-14,-0.03218116805721105,-0.1316888045540795,28.47341337907376,0.9584764827959052,0,1,0,1,0,1,0.024040977060556745
2025-04-15,0.0,-0.10472008781558732,31.800766283524894,0.6411130337510705,1,0,0,1,1,1,0.0022723605658043766
2025-04-16,-0.04064039408866993,-0.09499637418419145,29.143897996357012,0.8492808225207302,1,0,0,1,1,0,-0.0190633342724138
2025-04-17,0.010269576379974277,-0.0858763471355643,32.495164410058024,0.2379566293115995,0,0,0,1,1,0,0.01605579868708973
2025-04-22,0.06226175349428198,-0.07496122695157652,39.31159420289854,0.9765576254568143,1,0,1,1,1,0,0.008681723961558196
2025-04-23,0.06578947368421062,-0.050098345481893,47.55244755244754,1.621484156451859,1,0,1,0,1,0,0.02365924285085197
2025-04-24,0.012345679012345734,-0.02014598540145995,54.007633587786266,0.3610805317977814,1,0,0,0,0,0,-0.007378245906768166
2025-04-25,-0.004434589800443534,0.013806474355208239,56.37450199203187,0.25643241001537903,0,0,0,0,1,0,0.0032437685498909463
2025-04-28,-0.0033407572383072903,0.046132008516678556,53.45911949685534,0.12387328938945694,0,0,0,0,1,1,-0.0004057963425968536
2025-04-29,-0.010055865921787754,0.06311660525377395,77.03927492447127,0.14547234801461717,1,0,0,0,1,0,0.0016500353579005367
2025-04-30,0.05417607223476306,0.07461620849696549,78.16091954022988,0.6117377174536418,0,0,0,0,1,0,0.0068768957222047344
2025-05-02,0.05995717344753748,0.090952183444925,77.71260997067448,1.2773668024270635,0,0,0,0,0,0,0.017412418521307815
2025-05-06,-0.02929292929292937,0.09930498291907165,70.58823529411762,1.4879691705017755,0,0,0,0,1,0,0.00701933507753183
2025-05-07,-0.027055150884495283,0.10217225832894208,63.40782122905027,1.5849045137570077,0,0,0,0,0,0,0.001343387618021774
2025-05-08,0.010695187165775444,0.11059317095909561,69.50146627565982,0.42464958115617485,0,0,0,0,0,0,0.00439179354773378
2025-05-09,0.00846560846560851,0.09926470588235312,70.20057306590257,0.5603095873984848,0,0,0,1,0,0,0.004032359686483966
2025-05-12,-0.01678908709338922,0.07479979553586635,73.79518072289156,0.7889690439229294,0,0,1,1,0,0,0.029932980245488183
2025-05-13,-0.043756670224119665,0.05434414190486953,64.93150684931504,1.415427602035725,0,0,0,1,1,0,-0.018741698451189892
2025-05-14,0.03571428571428581,0.046026044005388185,63.218390804597696,0.7982930666609194,0,0,1,1,0,1,0.02343371623719337
2025-05-15,-0.0053879310344827624,0.0362011173184357,55.369127516778526,0.8801420149466348,0,0,0,1,0,0,-0.006952870941125067
2025-05-16,0.019501625135427858,0.026124577070275712,56.39344262295081,0.7289396220479518,1,0,1,1,1,0,-0.0038978970906291543
2025-05-19,0.027630180658873682,0.023977122745270647,60.55045871559633,0.5532894287081558,1,0,1,1,0,0,-0.0005274779195288959
2025-05-20,0.04343329886246128,0.035733680894970976,65.57377049180329,0.6675523856140596,1,0,0,1,1,1,0.0149490040134026
2025-05-21,-0.009910802775024763,0.03919252657575439,65.39509536784742,0.8944762249304723,1,0,1,1,1,0,0.006638853618719409
2025-05-22,-0.021021021021021102,0.04305200341005974,56.4705882352941,1.5338051364223082,0,1,1,0,1,0,-0.01170054298207679
2025-05-23,-0.007157464212678932,0.04499151103565375,46.735395189003434,0.6356402218471184,1,0,1,1,1,0,0.002613346298772301
2025-05-26,-0.03192584963954681,0.037170390765646565,46.416382252559735,0.6974966558379515,1,1,1,1,1,1,-0.013238770685579215
2025-05-27,0.008510638297872353,0.021546261089987393,52.36363636363635,0.3215772598937647,1,0,1,0,1,1,0.00475470863587768
2025-05-28,-0.001054852320675037,0.007794396460922635,50.37593984962407,0.5204146393061139,1,1,1,0,1,1,-0.004120811934458346
2025-05-29,0.0031678986272438703,-0.0014696619777451246,49.425287356321846,0.3434197326365397,0,1,1,0,1,1,0.01360460690298737
2025-05-30,-0.020000000000000018,-0.009711795894797448,48.863636363636346,0.35182485241043043,0,1,0,0,1,1,-0.0119441315065838
2025-06-02,0.02148227712137496,-0.005365597054182063,61.31687242798353,0.09742555587565147,0,1,1,0,0,0,-0.005566112916079224
2025-06-03,0.024185068349106276,-0.000578247384744705,59.829059829059844,0.6378737541528239,0,1,1,0,0,0,0.015324678526956959
2025-06-04,0.0030800821355236874,0.003514293207448138,61.63793103448276,0.44173901473572164,1,1,1,0,1,0,0.0062292056244990235
2025-06-05,0.013306038894575156,0.009523809523809637,60.79295154185022,0.3790176897644773,0,1,1,1,0,0,0.010848709377677457
2025-06-06,-0.02020202020202022,0.01678255868667333,50.6787330316742,0.21495426883518987,1,1,1,1,0,1,-0.0035455912900221875
2025-06-09,0.020618556701030855,0.022106360792492227,45.22613065326632,0.354451471200818,0,1,0,1,1,0,0.0165929866177863
2025-06-10,-0.013131313131313105,0.018431026426457817,44.55445544554455,0.32023414970085656,0,0,1,1,0,0,-0.0003889032927145708
2025-06-11,0.013306038894575156,0.01785437043937286,53.09278350515465,1.0326014637391883,1,0,0,1,0,1,0.010127209063793163
2025-06-12,-0.03535353535353536,0.008938258847842882,46.39639639639641,0.7930792611643676,1,0,1,1,0,0,-0.012640056022408919
2025-06-13,-0.010471204188481686,0.0035642336897566906,51.243781094527364,1.5412060841260724,0,1,1,1,1,1,-0.005945837322836489
2025-06-16,0.049735449735449855,0.002682624845233088,59.16666666666668,0.8422210735473347,0,1,1,1,1,0,0.0072894617927556915
2025-06-17,-0.006048387096774244,0.005733174939311057,57.95918367346936,0.3125140856709287,1,0,1,0,0,1,-0.0029749607470457295
2025-06-18,-0.001014198782961384,0.0054271980151962135,57.20164609053498,0.26114960690400557,1,0,0,1,1,0,-0.011011781422059053
2025-06-19,-0.012182741116751328,0.009409575018095449,58.898305084745765,1.483235307013423,1,0,1,0,1,0,-0.019946123914995506
2025-06-20,0.010277492291880685,0.01663738762013005,57.07964601769912,0.5562156098791327,1,0,1,1,1,0,0.012594827691518429
2025-06-23,0.021363173957273718,0.01575857451848801,56.69642857142857,1.8755702972539146,0,1,1,1,0,1,0.006743877427916489
2025-06-24,0.03486055776892427,0.02188733405095075,62.10937500000001,2.0140330196073513,0,0,1,0,0,1,0.02059940802166582
2025-06-25,-0.002887391722810495,0.027655883253393285,59.34959349593494,1.0229459564864363,0,1,0,1,1,1,0.012340315611497177
2025-06-26,-0.0009652509652509078,0.03581771071483026,64.31718061674007,0.5125154441037844,1,0,1,0,1,1,-0.005590415105719115
2025-06-27,0.03864734299516903,0.04685529833055944,67.2064777327935,3.608917606137186,0,0,1,0,1,1,-0.0013063204917364013
2025-06-30,0.013023255813953583,0.056649135987978834,72.5806451612903,1.6988408950143392,0,1,1,0,1,1,-0.008397080291970838
2025-07-02,0.00642791551882449,0.06158211778762386,71.90082644628097,0.5811989641361636,0,0,1,1,0,1,0.006442418674769801
2025-07-03,-0.03558394160583933,0.06153617295581889,70.73170731707317,0.4372155244139191,0,1,1,1,0,1,-0.004727745076240741
2025-07-04,-0.0066225165562914245,0.06135363622880306,71.60493827160494,0.4280281620580472,0,1,1,1,0,1,-0.00639631271384733
2025-07-07,-0.003809523809523818,0.0516672412943899,63.49999999999997,0.6395471314906742,0,1,1,1,0,1,-0.0011715283119342335
2025-07-08,0.02294455066921608,0.04381101898641028,69.26605504587157,0.11898794145352584,0,1,1,1,0,1,0.010887851574532537
2025-07-09,-0.016822429906542036,0.03138136670251254,64.25531914893617,0.31441840897642415,0,1,1,0,1,1,-0.010594784646938193
2025-07-10,-0.009505703422053258,0.025841053144807467,64.8068669527897,0.7680884837933329,0,0,1,0,1,0,0.005697634474834512
2025-07-11,0.008637236084452882,0.021255944870426067,64.65517241379308,0.3938092252155109,0,1,1,1,0,1,0.004628866222232686
2025-07-14,-0.0028544243577545148,0.016562847071321544,60.280373831775684,0.11609907120743033,0,1,0,0,0,1,0.002637903745823289
2025-07-15,0.003816793893129722,0.010159372141172004,53.55191256830601,1.045260018155881,0,1,0,1,0,1,0.015984565014031782
2025-07-16,-0.0019011406844107182,0.006672106753707857,53.84615384615387,0.3868120456905504,0,1,1,0,0,1,-0.002946355611311291
2025-07-17,-0.020952380952380945,0.0019160758766047408,48.27586206896551,1.368214197985753,1,1,1,0,0,1,-0.0007618519929355472
2025-07-18,0.012645914396887115,-0.0032467532467532795,40.34090909090907,0.36155546885160617,1,1,0,1,0,1,0.013331022930745728
2025-07-21,0.01633045148895307,-0.004900328274418389,41.340782122905004,2.92449061126648,0,1,1,0,0,1,0.006794423101038616
2025-07-22,0.0,-0.0063113937265696024,38.95348837209304,1.7531184354315417,1,0,1,1,1,0,0.005435090301760814
2025-07-23,0.004725897920604849,-0.004977010949424009,52.17391304347824,0.3956261333040277,1,1,1,0,0,1,0.01623965313362241
2025-07-24,0.0009407337723426057,0.0005207100591715277,55.30303030303032,1.0670166675781274,0,1,1,0,1,1,0.005053359486685061
2025-07-25,-0.015037593984962516,0.0012300123001229581,50.69444444444446,2.8831554890230193,1,0,1,0,0,0,-0.010860816160012332
2025-07-28,-0.00858778625954193,-0.0006634442232961707,37.98449612403103,0.37076504971908875,0,0,0,0,1,0,0.006844428590538243
2025-07-29,-0.024061597690086645,-0.005469158700717881,36.0294117647059,1.9671590901889209,1,0,1,1,1,0,-0.00148358096587764
2025-07-30,-0.012820512820512886,-0.012803363271545855,35.25179856115108,1.8250025347257426,1,0,0,0,0,0,-0.01346077083425734
2025-07-31,-0.024975024975025018,-0.025850079132895103,25.806451612903274,0.6251072923264528,0,0,0,0,0,0,-0.016027154000044952
2025-08-01,0.009221311475409832,-0.034927354950447374,30.434782608695713,0.500971814427752,1,0,1,0,0,0,-0.010725544843971258
2025-08-04,0.015228426395939021,-0.04030858244937312,34.88372093023257,0.5129703968362849,0,0,1,1,1,1,0.009213823043794589
2025-08-05,-0.007199999999999984,-0.04082699343748188,33.86004514672689,0.3677272218326252,0,1,0,1,0,1,0.006875879506218041
2025-08-06,-0.002417405318291599,-0.040017086383317475,38.07106598984776,0.27661045800308526,1,1,0,1,1,1,0.00032951549859094875
2025-08-07,-0.044830371567043725,-0.04137487076448891,24.867724867724903,3.368468473080408,1,1,1,1,0,1,0.006860751729386605
2025-08-08,-0.009725158562367775,-0.04546123289686631,16.556291390728532,0.4699874364830291,0,0,0,1,1,0,-0.008889791405782832
2025-08-11,-0.0076857386848848686,-0.053777019227923474,15.92356687898095,0.3947085017606604,1,0,1,0,0,0,0.0019350505958817266
2025-08-12,0.022805507745266906,-0.057358438184756604,22.580645161290363,1.50771473110651,0,0,1,1,0,0,0.0025902320984287908
2025-08-13,0.02397980647875464,-0.05711868624035806,30.03533568904595,0.6884128207431643,0,0,0,1,0,0,0.02580140734949188
2025-08-14,-0.0024650780608052036,-0.04941561617310929,31.954887218045144,0.28728705584880043,0,0,0,0,1,0,-0.0030156415694592154
2025-08-15,0.0024711696869850197,-0.0388367015843131,34.141610087293884,1.0706142814658164,0,0,1,0,0,0,-0.009772311783280752
2025-08-18,0.004519309778142855,-0.02523779837915007,40.30172413793102,0.36896284544146407,1,0,0,0,0,0,-0.0036812012576504793
2025-08-19,-0.013496932515337345,-0.017820341859619306,40.25834230355223,0.2,0,0,1,0,1,0,-0.0021450069628498047
2025-08-20,0.0020729684908789014,-0.01440506766016625,47.17444717444721,0.5822187254130606,1,0,1,0,1,0,0.0017106906913666453
2025-08-21,-0.023996690111708796,-0.01398294264848563,38.30508474576271,1.1709706144256455,1,0,1,0,1,0,-0.0024380652772316713
2025-08-22,0.022043238660449216,-0.011642577984756848,40.262582056892775,1.2344768228206073,1,0,1,0,1,0,0.009348110104969054
2025-08-25,0.016175860638739215,-0.008231130134167246,46.65271966527197,1.1272598369372564,1,0,0,0,0,0,0.01946037626369712
2025-08-26,0.0020408163265306367,-0.003050540028032056,47.79874213836477,0.46753906746283824,0,0,1,1,1,0,-0.011744488956021093
2025-08-27,-0.0028513238289206155,0.0006293655788614966,61.12600536193032,1.230850501848917,1,0,1,0,0,0,-0.012537518413095694
2025-08-28,-0.008169934640522847,0.006573855251344334,61.6216216216216,1.6497175141242937,1,0,1,0,1,0,-0.008008344829906755
2025-08-29,-0.0016474464579901982,0.008448493111069922,64.04494382022472,0.5005030181086519,0,0,0,0,0,0,0.003188494284454446
2025-09-01,0.019389438943894444,0.010789136455706783,63.42857142857144,0.8038704875325642,0,0,1,0,1,1,0.022620456466610372
2025-09-02,0.03298259813840532,0.0173675248955163,65.8210947930574,1.345132743362832,0,0,1,0,0,1,-0.0038354714984790705
2025-09-03,-0.020568070519098813,0.02115458005425311,58.551068883610434,1.1502029769959405,0,0,1,0,0,0,-0.005908125331917202
2025-09-04,-0.01959999999999995,0.02124066924066941,51.83189655172416,0.9369226708894167,1,0,1,1,1,1,-0.011051752921535929
2025-09-05,-0.000815993472052301,0.021050144340911726,50.43956043956044,3.264236902050114,1,0,1,1,1,0,0.014720280900773153
2025-09-08,0.021845651286239276,0.01989846053062564,59.51629863301784,1.1134338211024315,0,1,0,0,1,1,0.008528808295901857
2025-09-09,0.024975024975024906,0.017007912554041993,63.883677298311405,0.8989539027474422,0,1,0,0,0,1,0.01254756196802087
2025-09-10,-0.021442495126705596,0.016248574686431053,64.24528301886794,0.38131105095916207,0,1,0,0,1,1,0.010752104262829132
2025-09-11,-0.0029880478087650486,0.01889746170188969,59.42327497425333,0.8616935945914976,1,0,1,0,1,0,-0.0035996346639445287
2025-09-12,0.00899100899100902,0.0231850235908883,57.995735607675904,1.992717643164515,1,0,0,0,1,0,0.011571228297206915
2025-09-15,0.01881188118811883,0.02621192187025608,61.48582600195503,0.6887561108093427,1,0,0,1,1,0,0.002366662047056156
2025-09-16,0.0038872691933915515,0.024094562838498815,63.07094266277938,0.2918287937743191,1,0,0,1,1,0,-0.00024461579367185404
2025-09-17,0.022265246853823806,0.029950701326345065,69.2028985507246,1.9833717319443054,1,0,0,1,1,0,0.017776217527286642
2025-09-18,-0.01609848484848475,0.03263584947139137,64.69093988145642,1.1444521981856246,0,0,0,0,0,0,-0.01351478473550527
2025-09-19,-0.002887391722810495,0.03413254739525234,60.79854809437385,1.368657737804282,0,0,0,1,0,0,1.0595465140816884e-05
2025-09-22,-0.010617760617760541,0.031026158141013442,51.00603621730383,0.4706117953339341,0,1,0,0,0,0,-0.007480319132028734
2025-09-23,-0.013658536585365866,0.02517807186365361,52.867570385818546,0.11561866125760649,0,0,0,0,0,0,-0.007024286095543064
2025-09-24,0.03363006923837797,0.019667559897558654,65.66440349175555,1.2026013006503251,1,0,1,1,0,0,0.013836180483137506
2025-09-25,0.04306220095693769,0.023740476775620748,72.0447284345048,2.8896014658726523,1,0,1,1,0,1,-0.001272480488632488
2025-09-26,-0.07981651376146792,0.015585129352647843,50.316455696202546,2.4514861213461066,1,1,0,0,1,1,-0.013463008578951885
2025-09-29,-0.02253240279162505,0.00722617130738723,42.72959183673471,1.720479704797048,1,0,0,0,0,0,0.01899565198674069
2025-09-30,0.01346389228886169,0.005161480607579919,48.293963254593166,1.993485342019544,1,1,1,0,0,0,0.008734593001763713
2025-10-02,0.036634460547503966,0.0007362685907819452,54.287403903015985,0.8147080028839221,1,0,1,0,0,0,0.016071952087783226
2025-10-03,-0.01844660194174763,-0.016252033954792303,50.1435956346927,0.37179580277394525,0,0,1,1,0,0,-0.005358449347196648
2025-10-06,-0.020771513353115667,-0.019300480062702057,44.43175328383779,0.5547675334909378,0,0,0,0,0,0,-0.006599463340343781
2025-10-08,0.0060606060606061,-0.01600274388750057,44.74730266893809,0.458700882117081,0,0,1,0,1,0,-0.004766076382370699
2025-10-09,-0.0172690763052209,-0.016629178166959677,38.856812933025395,0.8482638338354209,1,0,1,0,0,0,-0.00274549665196111
2025-10-10,-0.025337147527584647,-0.02917515926702699,38.00112930547713,1.2864442440637212,0,0,1,0,0,0,-0.017285403553752854
2025-10-13,-0.052410901467505266,-0.045689296950748914,33.5493519441675,3.805647736522447,0,0,0,1,0,0,-0.015237056521460235
2025-10-14,-0.01017699115044246,-0.05916535652450793,33.70055082623935,1.3837410427477144,0,0,0,1,1,0,-0.017318696591637095
2025-10-15,0.014304872597228346,-0.071147550830405,37.01657458563537,1.3818992316264884,1,0,1,0,0,0,0.018452630881085508
2025-10-16,-0.03437637725870435,-0.08447350365258087,28.679817905918043,0.8697619182265452,0,0,1,0,1,0,-0.0008570932604261561
2025-10-17,-0.03788224554997721,-0.09714005956509308,17.831074035453568,1.1197195046089465,1,0,1,1,1,0,-0.02470328906648711
2025-10-20,0.026565464895635715,-0.09698797040451956,28.46394984326018,1.0657370517928286,0,1,0,0,1,0,0.02427130419292345
2025-10-21,-0.016173752310536083,-0.09731442522466356,29.252577319587616,0.25684736901920674,1,0,0,0,0,1,0.0065218809104545805
2025-10-22,-0.0018788163457021945,-0.10111134409729494,25.970548862115123,0.3129429105958388,0,1,0,0,0,0,-0.009438648782911119
2025-10-23,0.0065882352941177835,-0.09812585224570032,17.462686567164198,0.2803947958725886,1,0,1,1,1,0,0.007282717718372522
2025-10-24,-0.015427769985974837,-0.08853509990383589,17.848970251716267,0.8182121785595012,1,1,0,1,0,0,0.007392414927699376
2025-10-27,-0.005698005698005604,-0.08214192877566938,19.02439024390246,0.6608059472535253,0,0,0,0,0,0,0.010464679022293755
2025-10-28,-0.022445081184336302,-0.08007045412276977,15.765069551777472,0.6159443015743586,0,0,0,0,1,0,-0.0033174196429520686
2025-10-30,-0.01465559355153867,-0.08079391201581636,16.088328075709825,0.893213894438358,1,0,0,1,1,0,-0.0021763017805135343
2025-10-31,-0.015369360436291668,-0.08423885730877895,16.91542288557217,0.7841271998369232,0,0,0,0,0,0,-0.014283728737450985
2025-11-03,0.031722054380664666,-0.07850515871670569,30.49907578558225,0.8121483289268524,0,0,0,1,1,0,0.009718320552729587
2025-11-04,-0.027818448023425923,-0.07654998856097012,28.69565217391306,2.3758283178308712,1,0,0,1,1,0,-0.007873846583523969
2025-11-05,-0.005522088353413834,-0.07210292484265086,24.0072202166065,0.5156448586818374,1,0,0,1,1,0,-0.0006604590731918991
2025-11-06,0.005552751135790235,-0.06362657427782208,29.568788501026745,0.29848935266638355,0,0,1,0,1,0,0.021852891147249753
2025-11-07,-0.03162650602409656,-0.057535545023696615,30.83511777301932,0.5084331459300905,0,0,1,1,0,0,-0.009213707112260883
2025-11-10,0.005702436495593544,-0.057933181654891724,23.45971563981044,0.35594401165368295,0,0,0,0,0,0,0.015762945840958054
2025-11-11,0.012886597938144284,-0.0538350217076702,30.097087378640794,0.45677498467198036,0,0,0,0,1,0,0.0017804466919510986
2025-11-12,0.018320610687023065,-0.04647777993401911,36.03603603603608,0.6630461214233606,1,0,0,0,1,0,0.00853936838120073
2025-11-13,-0.007496251874063109,-0.04047287560147538,32.80898876404497,0.6317799184240215,0,0,0,1,0,0,0.005589097089707007
2025-11-14,-0.024169184290030232,-0.03362170664569394,31.739130434782652,1.4634146341463414,0,0,1,1,0,0,-0.01848875431628938
2025-11-17,-0.012899896800825594,-0.03163509742424613,30.866807610993675,0.5230317489447605,0,0,0,0,1,0,-0.007067847106302927
2025-11-18,-0.025091479351803447,-0.034383241279792955,30.801687763713105,1.1533719055297353,1,0,1,0,1,0,-0.017215513113794767
2025-11-19,-0.0520107238605898,-0.049029698993296914,26.987060998151605,2.6005565393372123,0,1,1,1,0,1,-0.003832537594595453
2025-11-20,-0.027714932126696734,-0.06632510716006802,26.118067978533134,2.5294117647058822,0,0,1,0,0,0,0.00019562453131616309
2025-11-21,0.010471204188481575,-0.07730941704035864,19.649805447470882,3.7059302398396894,1,0,1,1,1,0,-0.023828927209309958
2025-11-24,0.013816925734024155,-0.08479834539813842,25.987525987526013,1.3674168297455969,1,0,1,1,1,0,0.019690999354393446
2025-11-25,0.042589437819420706,-0.08167195877361923,36.69724770642203,0.8535402521823472,0,0,0,1,0,0,0.006920868492582555
2025-11-26,-0.0038126361655773655,-0.07004502146372095,34.93530499075784,1.1317418213969939,0,1,1,0,0,0,0.0012900987630228844
2025-11-27,0.02460360852925092,-0.05026142245342976,44.74187380497131,0.5160749565946238,0,0,0,0,1,0,0.0006929406669553551
2025-11-28,-0.0010672358591248265,-0.03317785332173822,43.385214007782096,0.07413814407512666,0,0,0,0,1,0,-0.003354107158313857
2025-12-01,-0.02831196581196571,-0.02113105496195342,36.53136531365316,0.23083264633140974,0,1,1,0,1,0,0.006741646220987052
2025-12-02,0.01264431006047273,-0.01658370378257507,34.97164461247637,0.17080522463040046,0,0,0,1,0,0,0.003170324041623873
2025-12-03,-0.010314875135722157,-0.013071720708920239,34.70919324577861,0.3562859012579074,0,0,1,0,1,0,-0.011501789764482018
2025-12-04,0.04223806911684025,-0.007851649382318842,46.619217081850536,0.3491670910016731,1,0,1,0,1,0,0.007666460052849544
2025-12-05,0.02947368421052632,0.0004284490145672193,53.6256323777403,0.49882972498537154,1,1,0,0,1,0,0.005751964085297434
2025-12-08,-0.00971370143149275,0.013149085455665729,56.38297872340429,1.1791988756148981,0,0,0,1,0,0,-0.012253613313733314
2025-12-09,-0.032524522457408445,0.01906040268456359,60.0,0.4846617173273568,0,0,0,0,0,0,-0.012851012981369814
2025-12-10,0.01227321237993606,0.029882086900339187,67.65873015873015,0.44691949809671505,0,0,0,1,0,0,0.004225724095430872
2025-12-11,0.010542962572483106,0.03363271030558028,67.78656126482215,0.12795629358061966,1,1,1,0,1,0,-0.0003944946085736589
2025-12-12,0.025039123630672844,0.03385079775765417,69.24528301886792,3.5216198315829312,1,0,1,1,1,0,0.017474238105678497
2025-12-15,-0.03358778625954195,0.030142895659207393,56.04606525911708,0.3036341208843344,0,1,0,1,1,0,-0.013370827676859043
2025-12-16,-0.02474986835176407,0.028130647031852415,52.0499108734403,0.7228686471576677,0,0,0,1,1,0,-0.015342950432987834
2025-12-17,0.008099352051835984,0.022164837529588928,49.34086629001886,0.6342509102044983,0,0,1,1,0,0,0.009238310708898911
2025-12-18,-0.02678093197643283,0.008746042818050128,45.25043177892921,0.8741965105601469,0,0,0,0,1,0,0.0011538334743574907
2025-12-19,0.007705008255365797,-0.008135302932990848,51.111111111111086,1.7756489757516145,0,0,1,1,1,1,0.0075516431409567986
